uf;nome_na_fonte;ibge;nome_ibge;prova
BA;MUQUÉM DE SÃO FRANCISCO;2922250;Muquém do São Francisco;razao_social
BA;SANTA TERESINHA;2928505;Santa Terezinha;grafia
CE;ITAPAGÉ;2306306;Itapajé;localidade
MG;BARÃO DE MONTE ALTO;3105509;Barão do Monte Alto;localidade
MG;BRASÓPOLIS;3108909;Brazópolis;grafia
MG;DONA EUSÉBIA;3122900;Dona Euzébia;localidade
MG;SÃO THOMÉ DAS LETRAS;3165206;São Tomé das Letras;razao_social
MT;POXORÉO;5107008;Poxoréu;localidade
MT;SANTO ANTÔNIO DO LEVERGER;5107800;Santo Antônio de Leverger;localidade
PA;ELDORADO DOS CARAJÁS;1502954;Eldorado do Carajás;localidade
PA;SANTA ISABEL DO PARÁ;1506500;Santa Izabel do Pará;localidade
PB;SERIDÓ;2515401;São Vicente do Seridó;razao_social
PE;IGUARACI;2606903;Iguaracy;localidade
RJ;TRAJANO DE MORAIS;3305901;Trajano de Moraes;localidade
RN;AÇU;2400208;Assú;localidade
RN;ARÊS;2401206;Arez;localidade
RN;AUGUSTO SEVERO;2401305;Campo Grande;localidade
RN;PRESIDENTE JUSCELINO;2410306;Serra Caiada;razao_social
RR;SÃO LUIZ;1400605;São Luiz do Anauá;localidade
SE;AMPARO DE SÃO FRANCISCO;2800100;Amparo do São Francisco;grafia
SE;GRACHO CARDOSO;2802601;Graccho Cardoso;localidade
SP;EMBU;3515004;Embu das Artes;localidade
SP;FLORÍNIA;3516101;Florínea;localidade
SP;SÃO LUÍS DO PARAITINGA;3550001;São Luiz do Paraitinga;localidade
TO;FORTALEZA DO TABOCÃO;1708254;Tabocão;localidade
