nome,inicio,fim,como,fonte,rotulo
Fernando Henrique Cardoso,1995-01-01,1999-01-01,Eleito,https://www.gov.br/secretariageral/pt-br/centrais-de-conteudo/biblioteca-da-pr/galeria-dos-ex-presidentes/fernando-henrique-cardoso,Fernando Henrique
Fernando Henrique Cardoso,1999-01-01,2003-01-01,Reeleito,https://www.gov.br/secretariageral/pt-br/centrais-de-conteudo/biblioteca-da-pr/galeria-dos-ex-presidentes/fernando-henrique-cardoso,Fernando Henrique
Luiz Inácio Lula da Silva,2003-01-01,2007-01-01,Eleito,https://www12.senado.leg.br/noticias/materias/2023/01/01/congresso-empossa-lula-e-alckmin-na-presidencia-da-republica,Lula
Luiz Inácio Lula da Silva,2007-01-01,2011-01-01,Reeleito,https://www12.senado.leg.br/noticias/materias/2023/01/01/congresso-empossa-lula-e-alckmin-na-presidencia-da-republica,Lula
Dilma Rousseff,2011-01-01,2015-01-01,Eleita,https://www.gov.br/secretariageral/pt-br/centrais-de-conteudo/biblioteca-da-pr/galeria-dos-ex-presidentes/dilma-vana-rousseff,Dilma
Dilma Rousseff,2015-01-01,2016-05-12,"Reeleita; afastada do exercício em 12/05/2016, quando o Senado Federal abriu o processo de impeachment",https://www12.senado.leg.br/noticias/materias/2016/08/31/um-ano-e-oito-meses-depois-de-empossada-dilma-rousseff-deixa-o-poder,Dilma
Michel Temer,2016-05-12,2016-08-31,"Vice-presidente, no exercício da Presidência durante o afastamento da titular",https://www12.senado.leg.br/radio/1/noticia/2016/05/12/michel-temer-ja-e-o-novo-presidente-em-exercicio-da-republica,Temer
Michel Temer,2016-08-31,2019-01-01,"Empossado presidente após o julgamento do processo de impeachment pelo Senado Federal (Resolução nº 35/2016)",https://www12.senado.leg.br/noticias/materias/2016/08/31/dilma-rousseff-perde-o-mandato-e-temer-e-confirmado-presidente,Temer
Jair Bolsonaro,2019-01-01,2023-01-01,Eleito,https://www12.senado.leg.br/noticias/materias/2019/01/01/jair-bolsonaro-toma-posse-no-congresso-e-se-torna-38o-presidente-do-brasil,Bolsonaro
Luiz Inácio Lula da Silva,2023-01-01,,Eleito,https://www12.senado.leg.br/noticias/materias/2023/01/01/congresso-empossa-lula-e-alckmin-na-presidencia-da-republica,Lula
