ano,km2,fonte
1988,21050,https://data.inpe.br/biomasbr/wp-content/uploads/sites/3/2026/03/A-taxa-consolidada-de-desmatamento-para-os-nove-estados-da-Amazonia-Legal-para-2025-e-de-5.731-km2.pdf
1989,17770,https://data.inpe.br/biomasbr/wp-content/uploads/sites/3/2026/03/A-taxa-consolidada-de-desmatamento-para-os-nove-estados-da-Amazonia-Legal-para-2025-e-de-5.731-km2.pdf
1990,13730,https://data.inpe.br/biomasbr/wp-content/uploads/sites/3/2026/03/A-taxa-consolidada-de-desmatamento-para-os-nove-estados-da-Amazonia-Legal-para-2025-e-de-5.731-km2.pdf
1991,11030,https://data.inpe.br/biomasbr/wp-content/uploads/sites/3/2026/03/A-taxa-consolidada-de-desmatamento-para-os-nove-estados-da-Amazonia-Legal-para-2025-e-de-5.731-km2.pdf
1992,13786,https://data.inpe.br/biomasbr/wp-content/uploads/sites/3/2026/03/A-taxa-consolidada-de-desmatamento-para-os-nove-estados-da-Amazonia-Legal-para-2025-e-de-5.731-km2.pdf
1993,14896,https://data.inpe.br/biomasbr/wp-content/uploads/sites/3/2026/03/A-taxa-consolidada-de-desmatamento-para-os-nove-estados-da-Amazonia-Legal-para-2025-e-de-5.731-km2.pdf
1994,14896,https://data.inpe.br/biomasbr/wp-content/uploads/sites/3/2026/03/A-taxa-consolidada-de-desmatamento-para-os-nove-estados-da-Amazonia-Legal-para-2025-e-de-5.731-km2.pdf
1995,29059,https://data.inpe.br/biomasbr/wp-content/uploads/sites/3/2026/03/A-taxa-consolidada-de-desmatamento-para-os-nove-estados-da-Amazonia-Legal-para-2025-e-de-5.731-km2.pdf
1996,18161,https://data.inpe.br/biomasbr/wp-content/uploads/sites/3/2026/03/A-taxa-consolidada-de-desmatamento-para-os-nove-estados-da-Amazonia-Legal-para-2025-e-de-5.731-km2.pdf
1997,13227,https://data.inpe.br/biomasbr/wp-content/uploads/sites/3/2026/03/A-taxa-consolidada-de-desmatamento-para-os-nove-estados-da-Amazonia-Legal-para-2025-e-de-5.731-km2.pdf
1998,17383,https://data.inpe.br/biomasbr/wp-content/uploads/sites/3/2026/03/A-taxa-consolidada-de-desmatamento-para-os-nove-estados-da-Amazonia-Legal-para-2025-e-de-5.731-km2.pdf
1999,17259,https://data.inpe.br/biomasbr/wp-content/uploads/sites/3/2026/03/A-taxa-consolidada-de-desmatamento-para-os-nove-estados-da-Amazonia-Legal-para-2025-e-de-5.731-km2.pdf
2000,18226,https://data.inpe.br/biomasbr/wp-content/uploads/sites/3/2026/03/A-taxa-consolidada-de-desmatamento-para-os-nove-estados-da-Amazonia-Legal-para-2025-e-de-5.731-km2.pdf
2001,18165,https://data.inpe.br/biomasbr/wp-content/uploads/sites/3/2026/03/A-taxa-consolidada-de-desmatamento-para-os-nove-estados-da-Amazonia-Legal-para-2025-e-de-5.731-km2.pdf
2002,21650,https://data.inpe.br/biomasbr/wp-content/uploads/sites/3/2026/03/A-taxa-consolidada-de-desmatamento-para-os-nove-estados-da-Amazonia-Legal-para-2025-e-de-5.731-km2.pdf
2003,25396,https://data.inpe.br/biomasbr/wp-content/uploads/sites/3/2026/03/A-taxa-consolidada-de-desmatamento-para-os-nove-estados-da-Amazonia-Legal-para-2025-e-de-5.731-km2.pdf
2004,27772,https://data.inpe.br/biomasbr/wp-content/uploads/sites/3/2026/03/A-taxa-consolidada-de-desmatamento-para-os-nove-estados-da-Amazonia-Legal-para-2025-e-de-5.731-km2.pdf
2005,19014,https://data.inpe.br/biomasbr/wp-content/uploads/sites/3/2026/03/A-taxa-consolidada-de-desmatamento-para-os-nove-estados-da-Amazonia-Legal-para-2025-e-de-5.731-km2.pdf
2006,14286,https://data.inpe.br/biomasbr/wp-content/uploads/sites/3/2026/03/A-taxa-consolidada-de-desmatamento-para-os-nove-estados-da-Amazonia-Legal-para-2025-e-de-5.731-km2.pdf
2007,11651,https://data.inpe.br/biomasbr/wp-content/uploads/sites/3/2026/03/A-taxa-consolidada-de-desmatamento-para-os-nove-estados-da-Amazonia-Legal-para-2025-e-de-5.731-km2.pdf
2008,12911,https://data.inpe.br/biomasbr/wp-content/uploads/sites/3/2026/03/A-taxa-consolidada-de-desmatamento-para-os-nove-estados-da-Amazonia-Legal-para-2025-e-de-5.731-km2.pdf
2009,7464,https://data.inpe.br/biomasbr/wp-content/uploads/sites/3/2026/03/A-taxa-consolidada-de-desmatamento-para-os-nove-estados-da-Amazonia-Legal-para-2025-e-de-5.731-km2.pdf
2010,7000,https://data.inpe.br/biomasbr/wp-content/uploads/sites/3/2026/03/A-taxa-consolidada-de-desmatamento-para-os-nove-estados-da-Amazonia-Legal-para-2025-e-de-5.731-km2.pdf
2011,6418,https://data.inpe.br/biomasbr/wp-content/uploads/sites/3/2026/03/A-taxa-consolidada-de-desmatamento-para-os-nove-estados-da-Amazonia-Legal-para-2025-e-de-5.731-km2.pdf
2012,4571,https://data.inpe.br/biomasbr/wp-content/uploads/sites/3/2026/03/A-taxa-consolidada-de-desmatamento-para-os-nove-estados-da-Amazonia-Legal-para-2025-e-de-5.731-km2.pdf
2013,5891,https://data.inpe.br/biomasbr/wp-content/uploads/sites/3/2026/03/A-taxa-consolidada-de-desmatamento-para-os-nove-estados-da-Amazonia-Legal-para-2025-e-de-5.731-km2.pdf
2014,5012,https://data.inpe.br/biomasbr/wp-content/uploads/sites/3/2026/03/A-taxa-consolidada-de-desmatamento-para-os-nove-estados-da-Amazonia-Legal-para-2025-e-de-5.731-km2.pdf
2015,6207,https://data.inpe.br/biomasbr/wp-content/uploads/sites/3/2026/03/A-taxa-consolidada-de-desmatamento-para-os-nove-estados-da-Amazonia-Legal-para-2025-e-de-5.731-km2.pdf
2016,7893,https://data.inpe.br/biomasbr/wp-content/uploads/sites/3/2026/03/A-taxa-consolidada-de-desmatamento-para-os-nove-estados-da-Amazonia-Legal-para-2025-e-de-5.731-km2.pdf
2017,6947,https://data.inpe.br/biomasbr/wp-content/uploads/sites/3/2026/03/A-taxa-consolidada-de-desmatamento-para-os-nove-estados-da-Amazonia-Legal-para-2025-e-de-5.731-km2.pdf
2018,7536,https://data.inpe.br/biomasbr/wp-content/uploads/sites/3/2026/03/A-taxa-consolidada-de-desmatamento-para-os-nove-estados-da-Amazonia-Legal-para-2025-e-de-5.731-km2.pdf
2019,10129,https://data.inpe.br/biomasbr/wp-content/uploads/sites/3/2026/03/A-taxa-consolidada-de-desmatamento-para-os-nove-estados-da-Amazonia-Legal-para-2025-e-de-5.731-km2.pdf
2020,10851,https://data.inpe.br/biomasbr/wp-content/uploads/sites/3/2026/03/A-taxa-consolidada-de-desmatamento-para-os-nove-estados-da-Amazonia-Legal-para-2025-e-de-5.731-km2.pdf
2021,13038,https://data.inpe.br/biomasbr/wp-content/uploads/sites/3/2026/03/A-taxa-consolidada-de-desmatamento-para-os-nove-estados-da-Amazonia-Legal-para-2025-e-de-5.731-km2.pdf
2022,11594,https://data.inpe.br/biomasbr/wp-content/uploads/sites/3/2026/03/A-taxa-consolidada-de-desmatamento-para-os-nove-estados-da-Amazonia-Legal-para-2025-e-de-5.731-km2.pdf
2023,9064,https://data.inpe.br/biomasbr/wp-content/uploads/sites/3/2026/03/A-taxa-consolidada-de-desmatamento-para-os-nove-estados-da-Amazonia-Legal-para-2025-e-de-5.731-km2.pdf
2024,6518,https://data.inpe.br/biomasbr/wp-content/uploads/sites/3/2026/03/A-taxa-consolidada-de-desmatamento-para-os-nove-estados-da-Amazonia-Legal-para-2025-e-de-5.731-km2.pdf
2025,5731,https://data.inpe.br/biomasbr/wp-content/uploads/sites/3/2026/03/A-taxa-consolidada-de-desmatamento-para-os-nove-estados-da-Amazonia-Legal-para-2025-e-de-5.731-km2.pdf
